<?xml version="1.1" encoding="UTF-8" standalone="yes"?>
<addon id="plugin.video.newvod" name="VOD 2" version="0.1.4" provider-name="SteevieGee">
  <requires>
    <import addon="xbmc.python" version="2.1.0"/>
	<import addon="script.module.requests" />
  </requires>
  <extension point="xbmc.python.pluginsource"
            library="default.py">
        <provides>video</provides>
  </extension>
  <extension point="xbmc.addon.metadata">
    <summary lang="en">VOD Addon</summary>
    <language>en</language>
    <description lang="en">Video On Demand</description>
     <platform>all</platform>
  </extension>
</addon>
